query_id,modelo,doc_fonte,posicao
1,Vetorial (TF-IDF),486,4.0
1,BM25,486,2.0
2,Vetorial (TF-IDF),486,45.0
2,BM25,486,26.0
3,Vetorial (TF-IDF),485,1.0
3,BM25,485,1.0
4,Vetorial (TF-IDF),488,2.0
4,BM25,488,2.0
5,Vetorial (TF-IDF),488,16.0
5,BM25,488,11.0
6,Vetorial (TF-IDF),491,1.0
6,BM25,491,1.0
7,Vetorial (TF-IDF),492,1.0
7,BM25,492,1.0
8,Vetorial (TF-IDF),492,1.0
8,BM25,492,1.0
9,Vetorial (TF-IDF),534,12.0
9,BM25,534,35.0
10,Vetorial (TF-IDF),493,2.0
10,BM25,493,1.0
11,Vetorial (TF-IDF),495,1.0
11,BM25,495,1.0
12,Vetorial (TF-IDF),624,1.0
12,BM25,624,1.0
13,Vetorial (TF-IDF),496,1.0
13,BM25,496,1.0
14,Vetorial (TF-IDF),496,250.0
14,BM25,496,190.0
15,Vetorial (TF-IDF),497,
15,BM25,497,
16,Vetorial (TF-IDF),498,2.0
16,BM25,498,1.0
17,Vetorial (TF-IDF),498,7.0
17,BM25,498,18.0
18,Vetorial (TF-IDF),498,3.0
18,BM25,498,3.0
19,Vetorial (TF-IDF),499,
19,BM25,499,
20,Vetorial (TF-IDF),500,1.0
20,BM25,500,1.0
21,Vetorial (TF-IDF),502,1.0
21,BM25,502,1.0
22,Vetorial (TF-IDF),502,
22,BM25,502,
23,Vetorial (TF-IDF),892,1.0
23,BM25,892,1.0
24,Vetorial (TF-IDF),756,1.0
24,BM25,756,1.0
25,Vetorial (TF-IDF),511,6.0
25,BM25,511,7.0
26,Vetorial (TF-IDF),511,1086.0
26,BM25,511,1085.0
27,Vetorial (TF-IDF),512,7.0
27,BM25,512,6.0
28,Vetorial (TF-IDF),512,496.0
28,BM25,512,525.0
29,Vetorial (TF-IDF),513,14.0
29,BM25,513,10.0
30,Vetorial (TF-IDF),513,2.0
30,BM25,513,2.0
31,Vetorial (TF-IDF),751,1.0
31,BM25,751,1.0
32,Vetorial (TF-IDF),752,1.0
32,BM25,752,1.0
33,Vetorial (TF-IDF),516,1.0
33,BM25,516,1.0
34,Vetorial (TF-IDF),516,4.0
34,BM25,516,2.0
35,Vetorial (TF-IDF),517,107.0
35,BM25,517,126.0
36,Vetorial (TF-IDF),518,17.0
36,BM25,518,4.0
37,Vetorial (TF-IDF),519,16.0
37,BM25,519,52.0
38,Vetorial (TF-IDF),536,1.0
38,BM25,536,1.0
39,Vetorial (TF-IDF),536,29.0
39,BM25,536,12.0
40,Vetorial (TF-IDF),536,1.0
40,BM25,536,1.0
41,Vetorial (TF-IDF),520,14.0
41,BM25,520,7.0
42,Vetorial (TF-IDF),521,1.0
42,BM25,521,1.0
43,Vetorial (TF-IDF),521,16.0
43,BM25,521,15.0
44,Vetorial (TF-IDF),524,
44,BM25,524,
45,Vetorial (TF-IDF),525,2.0
45,BM25,525,2.0
46,Vetorial (TF-IDF),525,2.0
46,BM25,525,2.0
47,Vetorial (TF-IDF),525,1.0
47,BM25,525,1.0
48,Vetorial (TF-IDF),526,1.0
48,BM25,526,1.0
49,Vetorial (TF-IDF),527,1.0
49,BM25,527,2.0
50,Vetorial (TF-IDF),528,11.0
50,BM25,528,5.0
51,Vetorial (TF-IDF),528,3.0
51,BM25,528,2.0
52,Vetorial (TF-IDF),528,7.0
52,BM25,528,6.0
53,Vetorial (TF-IDF),531,12.0
53,BM25,531,9.0
54,Vetorial (TF-IDF),123,1.0
54,BM25,123,1.0
55,Vetorial (TF-IDF),538,54.0
55,BM25,538,19.0
56,Vetorial (TF-IDF),753,1.0
56,BM25,753,1.0
57,Vetorial (TF-IDF),753,1.0
57,BM25,753,1.0
58,Vetorial (TF-IDF),754,1.0
58,BM25,754,1.0
59,Vetorial (TF-IDF),754,77.0
59,BM25,754,70.0
60,Vetorial (TF-IDF),322,1.0
60,BM25,322,3.0
61,Vetorial (TF-IDF),539,1.0
61,BM25,539,3.0
62,Vetorial (TF-IDF),539,125.0
62,BM25,539,174.0
63,Vetorial (TF-IDF),539,122.0
63,BM25,539,208.0
64,Vetorial (TF-IDF),627,3.0
64,BM25,627,3.0
65,Vetorial (TF-IDF),388,2.0
65,BM25,388,1.0
66,Vetorial (TF-IDF),388,69.0
66,BM25,388,51.0
67,Vetorial (TF-IDF),388,13.0
67,BM25,388,8.0
68,Vetorial (TF-IDF),628,1.0
68,BM25,628,1.0
69,Vetorial (TF-IDF),540,8.0
69,BM25,540,4.0
70,Vetorial (TF-IDF),540,2.0
70,BM25,540,1.0
71,Vetorial (TF-IDF),540,1.0
71,BM25,540,1.0
72,Vetorial (TF-IDF),629,550.0
72,BM25,629,646.0
73,Vetorial (TF-IDF),541,2.0
73,BM25,541,2.0
74,Vetorial (TF-IDF),541,34.0
74,BM25,541,37.0
75,Vetorial (TF-IDF),630,14.0
75,BM25,630,9.0
76,Vetorial (TF-IDF),630,2.0
76,BM25,630,1.0
77,Vetorial (TF-IDF),630,3.0
77,BM25,630,3.0
78,Vetorial (TF-IDF),543,1.0
78,BM25,543,2.0
79,Vetorial (TF-IDF),544,1.0
79,BM25,544,3.0
80,Vetorial (TF-IDF),544,1.0
80,BM25,544,1.0
81,Vetorial (TF-IDF),631,1.0
81,BM25,631,2.0
82,Vetorial (TF-IDF),632,9.0
82,BM25,632,29.0
83,Vetorial (TF-IDF),633,9.0
83,BM25,633,11.0
84,Vetorial (TF-IDF),546,27.0
84,BM25,546,13.0
85,Vetorial (TF-IDF),546,201.0
85,BM25,546,166.0
86,Vetorial (TF-IDF),755,1.0
86,BM25,755,1.0
87,Vetorial (TF-IDF),547,3.0
87,BM25,547,1.0
88,Vetorial (TF-IDF),548,2.0
88,BM25,548,1.0
89,Vetorial (TF-IDF),757,14.0
89,BM25,757,2.0
90,Vetorial (TF-IDF),757,67.0
90,BM25,757,40.0
91,Vetorial (TF-IDF),757,173.0
91,BM25,757,171.0
92,Vetorial (TF-IDF),758,1.0
92,BM25,758,2.0
93,Vetorial (TF-IDF),635,1.0
93,BM25,635,1.0
94,Vetorial (TF-IDF),635,57.0
94,BM25,635,32.0
95,Vetorial (TF-IDF),635,1.0
95,BM25,635,1.0
96,Vetorial (TF-IDF),637,1.0
96,BM25,637,1.0
97,Vetorial (TF-IDF),637,88.0
97,BM25,637,120.0
98,Vetorial (TF-IDF),638,1.0
98,BM25,638,1.0
99,Vetorial (TF-IDF),639,1.0
99,BM25,639,1.0
100,Vetorial (TF-IDF),760,1.0
100,BM25,760,1.0
101,Vetorial (TF-IDF),760,7.0
101,BM25,760,4.0
102,Vetorial (TF-IDF),729,4.0
102,BM25,729,2.0
103,Vetorial (TF-IDF),761,1.0
103,BM25,761,1.0
104,Vetorial (TF-IDF),762,1.0
104,BM25,762,1.0
105,Vetorial (TF-IDF),764,2.0
105,BM25,764,2.0
106,Vetorial (TF-IDF),764,7.0
106,BM25,764,2.0
107,Vetorial (TF-IDF),640,1.0
107,BM25,640,1.0
108,Vetorial (TF-IDF),640,10.0
108,BM25,640,8.0
109,Vetorial (TF-IDF),766,20.0
109,BM25,766,26.0
110,Vetorial (TF-IDF),766,111.0
110,BM25,766,84.0
111,Vetorial (TF-IDF),894,1.0
111,BM25,894,1.0
112,Vetorial (TF-IDF),641,1.0
112,BM25,641,1.0
113,Vetorial (TF-IDF),643,201.0
113,BM25,643,206.0
114,Vetorial (TF-IDF),895,1.0
114,BM25,895,1.0
115,Vetorial (TF-IDF),184,2.0
115,BM25,184,1.0
116,Vetorial (TF-IDF),896,426.0
116,BM25,896,423.0
117,Vetorial (TF-IDF),896,541.0
117,BM25,896,519.0
118,Vetorial (TF-IDF),896,447.0
118,BM25,896,437.0
119,Vetorial (TF-IDF),897,3.0
119,BM25,897,7.0
120,Vetorial (TF-IDF),769,1.0
120,BM25,769,1.0
121,Vetorial (TF-IDF),769,3.0
121,BM25,769,1.0
122,Vetorial (TF-IDF),898,1.0
122,BM25,898,1.0
123,Vetorial (TF-IDF),941,1.0
123,BM25,941,1.0
124,Vetorial (TF-IDF),941,1.0
124,BM25,941,1.0
125,Vetorial (TF-IDF),942,913.0
125,BM25,942,901.0
126,Vetorial (TF-IDF),942,20.0
126,BM25,942,24.0
127,Vetorial (TF-IDF),944,7.0
127,BM25,944,7.0
128,Vetorial (TF-IDF),945,1.0
128,BM25,945,1.0
129,Vetorial (TF-IDF),945,1.0
129,BM25,945,1.0
130,Vetorial (TF-IDF),948,1.0
130,BM25,948,2.0
131,Vetorial (TF-IDF),950,2.0
131,BM25,950,1.0
132,Vetorial (TF-IDF),950,12.0
132,BM25,950,3.0
133,Vetorial (TF-IDF),950,12.0
133,BM25,950,1.0
134,Vetorial (TF-IDF),951,1.0
134,BM25,951,1.0
135,Vetorial (TF-IDF),951,7.0
135,BM25,951,7.0
136,Vetorial (TF-IDF),951,2.0
136,BM25,951,2.0
137,Vetorial (TF-IDF),952,1.0
137,BM25,952,1.0
138,Vetorial (TF-IDF),953,1.0
138,BM25,953,1.0
139,Vetorial (TF-IDF),953,2.0
139,BM25,953,7.0
140,Vetorial (TF-IDF),954,1.0
140,BM25,954,1.0
141,Vetorial (TF-IDF),954,39.0
141,BM25,954,64.0
142,Vetorial (TF-IDF),954,1.0
142,BM25,954,1.0
143,Vetorial (TF-IDF),954,9.0
143,BM25,954,16.0
144,Vetorial (TF-IDF),955,2.0
144,BM25,955,1.0
145,Vetorial (TF-IDF),955,16.0
145,BM25,955,19.0
146,Vetorial (TF-IDF),955,2.0
146,BM25,955,1.0
147,Vetorial (TF-IDF),956,2.0
147,BM25,956,1.0
148,Vetorial (TF-IDF),956,3.0
148,BM25,956,2.0
149,Vetorial (TF-IDF),957,11.0
149,BM25,957,11.0
150,Vetorial (TF-IDF),1062,1.0
150,BM25,1062,2.0
151,Vetorial (TF-IDF),1062,1.0
151,BM25,1062,7.0
152,Vetorial (TF-IDF),1062,13.0
152,BM25,1062,35.0
153,Vetorial (TF-IDF),1063,1.0
153,BM25,1063,1.0
154,Vetorial (TF-IDF),1063,9.0
154,BM25,1063,7.0
155,Vetorial (TF-IDF),1065,3.0
155,BM25,1065,1.0
156,Vetorial (TF-IDF),1065,6.0
156,BM25,1065,4.0
157,Vetorial (TF-IDF),1006,1.0
157,BM25,1006,2.0
158,Vetorial (TF-IDF),1006,
158,BM25,1006,
159,Vetorial (TF-IDF),1066,1.0
159,BM25,1066,1.0
160,Vetorial (TF-IDF),1071,1.0
160,BM25,1071,1.0
161,Vetorial (TF-IDF),489,50.0
161,BM25,489,14.0
162,Vetorial (TF-IDF),489,40.0
162,BM25,489,8.0
163,Vetorial (TF-IDF),492,1.0
163,BM25,492,1.0
164,Vetorial (TF-IDF),503,2.0
164,BM25,503,4.0
165,Vetorial (TF-IDF),504,1.0
165,BM25,504,1.0
166,Vetorial (TF-IDF),504,1.0
166,BM25,504,1.0
167,Vetorial (TF-IDF),509,137.0
167,BM25,509,116.0
168,Vetorial (TF-IDF),750,1.0
168,BM25,750,1.0
169,Vetorial (TF-IDF),750,1.0
169,BM25,750,1.0
170,Vetorial (TF-IDF),893,2.0
170,BM25,893,3.0
171,Vetorial (TF-IDF),516,1.0
171,BM25,516,1.0
172,Vetorial (TF-IDF),527,3.0
172,BM25,527,3.0
173,Vetorial (TF-IDF),532,1.0
173,BM25,532,3.0
174,Vetorial (TF-IDF),533,3.0
174,BM25,533,8.0
175,Vetorial (TF-IDF),941,1.0
175,BM25,941,1.0
176,Vetorial (TF-IDF),542,2.0
176,BM25,542,1.0
177,Vetorial (TF-IDF),543,4.0
177,BM25,543,5.0
178,Vetorial (TF-IDF),543,4.0
178,BM25,543,6.0
179,Vetorial (TF-IDF),633,1.0
179,BM25,633,1.0
180,Vetorial (TF-IDF),548,1.0
180,BM25,548,1.0
181,Vetorial (TF-IDF),942,875.0
181,BM25,942,860.0
182,Vetorial (TF-IDF),634,1.0
182,BM25,634,1.0
183,Vetorial (TF-IDF),758,2.0
183,BM25,758,3.0
184,Vetorial (TF-IDF),639,55.0
184,BM25,639,72.0
185,Vetorial (TF-IDF),948,13.0
185,BM25,948,11.0
186,Vetorial (TF-IDF),1188,144.0
186,BM25,1188,110.0
187,Vetorial (TF-IDF),763,1.0
187,BM25,763,1.0
188,Vetorial (TF-IDF),640,6.0
188,BM25,640,2.0
189,Vetorial (TF-IDF),767,1.0
189,BM25,767,1.0
190,Vetorial (TF-IDF),894,27.0
190,BM25,894,38.0
191,Vetorial (TF-IDF),894,14.0
191,BM25,894,4.0
192,Vetorial (TF-IDF),641,1.0
192,BM25,641,1.0
193,Vetorial (TF-IDF),641,4.0
193,BM25,641,5.0
194,Vetorial (TF-IDF),642,1.0
194,BM25,642,1.0
195,Vetorial (TF-IDF),642,1.0
195,BM25,642,1.0
196,Vetorial (TF-IDF),184,2.0
196,BM25,184,1.0
197,Vetorial (TF-IDF),768,5.0
197,BM25,768,4.0
198,Vetorial (TF-IDF),769,9.0
198,BM25,769,13.0
199,Vetorial (TF-IDF),957,38.0
199,BM25,957,42.0
200,Vetorial (TF-IDF),1071,1.0
200,BM25,1071,1.0
201,Vetorial (TF-IDF),1140,250.0
201,BM25,1140,318.0
202,Vetorial (TF-IDF),1285,1.0
202,BM25,1285,1.0
203,Vetorial (TF-IDF),1285,2.0
203,BM25,1285,1.0
204,Vetorial (TF-IDF),1285,211.0
204,BM25,1285,259.0
205,Vetorial (TF-IDF),1287,1.0
205,BM25,1287,2.0
206,Vetorial (TF-IDF),1290,1.0
206,BM25,1290,1.0
207,Vetorial (TF-IDF),1290,2.0
207,BM25,1290,1.0
208,Vetorial (TF-IDF),1291,1.0
208,BM25,1291,1.0
209,Vetorial (TF-IDF),1292,977.0
209,BM25,1292,965.0
210,Vetorial (TF-IDF),1145,3.0
210,BM25,1145,2.0
211,Vetorial (TF-IDF),1145,17.0
211,BM25,1145,6.0
212,Vetorial (TF-IDF),1146,7.0
212,BM25,1146,17.0
213,Vetorial (TF-IDF),1146,1.0
213,BM25,1146,5.0
214,Vetorial (TF-IDF),1294,1.0
214,BM25,1294,1.0
215,Vetorial (TF-IDF),535,1.0
215,BM25,535,1.0
216,Vetorial (TF-IDF),506,53.0
216,BM25,506,22.0
217,Vetorial (TF-IDF),1191,112.0
217,BM25,1191,95.0
218,Vetorial (TF-IDF),1191,177.0
218,BM25,1191,195.0
219,Vetorial (TF-IDF),1191,12.0
219,BM25,1191,27.0
220,Vetorial (TF-IDF),1182,21.0
220,BM25,1182,12.0
221,Vetorial (TF-IDF),1182,11.0
221,BM25,1182,5.0
222,Vetorial (TF-IDF),1396,6.0
222,BM25,1396,4.0
223,Vetorial (TF-IDF),1396,17.0
223,BM25,1396,7.0
224,Vetorial (TF-IDF),1286,2.0
224,BM25,1286,3.0
225,Vetorial (TF-IDF),1188,1.0
225,BM25,1188,1.0
